{
  "n_samples": 200,
  "unique_patterns_mean": 1.015,
  "single_pattern_count": 197,
  "multi_pattern_count": 3,
  "cos_sim_step0_mean": 0.49078614691272376,
  "cos_sim_final_mean": 0.4875546127418056,
  "force_step0_mean": 0.027024849229492248,
  "force_final_mean": 0.004508188042091205,
  "mean_force_trajectory": [
    0.027024849229492248,
    0.023513276865705847,
    0.020050705466419457,
    0.016835103791672735,
    0.01400910208467394,
    0.011646032519638538,
    0.009753945572301746,
    0.008296982815954835,
    0.007212085712235421,
    0.006423248371575028,
    0.005854163055773825,
    0.005438356046797707,
    0.005124851994914934,
    0.004878628625301644,
    0.004677527300082147,
    0.004508188042091205
  ],
  "mean_cos_trajectory": [
    0.49078614691272376,
    0.49004548018798233,
    0.48930607497226447,
    0.48881798997055736,
    0.48850728505291047,
    0.48826565463095906,
    0.4880763654317707,
    0.4879306013789028,
    0.4878203398711048,
    0.487738331859,
    0.4876782906241715,
    0.4876349359424785,
    0.4876039263699204,
    0.4875818533077836,
    0.48756608126685025,
    0.4875546127418056
  ]
}